<?xml version="1.0" encoding="UTF-8"?>
<beans xmlns="http://www.springframework.org/schema/beans"
	xmlns:xsi="http://www.w3.org/2001/XMLSchema-instance"
	xmlns:context="http://www.springframework.org/schema/context"
	xsi:schemaLocation="http://www.springframework.org/schema/beans http://www.springframework.org/schema/beans/spring-beans-4.3.xsd
		http://www.springframework.org/schema/context http://www.springframework.org/schema/context/spring-context-4.3.xsd">

	<!-- Bean Declaration to create object on Application Context -->
	<bean id="emp" class="org.cap.model.Employee">
		<!-- By using Constructor -->
		<constructor-arg name="employeeId" value="1234"></constructor-arg>
		<constructor-arg name="firstName" value="oj"></constructor-arg>
		<constructor-arg name="lastName" value="cds"></constructor-arg>
		<constructor-arg name="salary" value="2109"></constructor-arg>
		<constructor-arg name="address" ref="address"></constructor-arg>

		<!-- By using Setters method -->
		<!-- <property name="employeeId" value="1001"></property> <property name="firstName" 
			value="tom"></property> <property name="lastName" value="jerry"></property> 
			<property name="salary" value="2300"></property> <property name="address" 
			ref="address"></property> -->
	</bean>
	<bean id="address" class="org.cap.model.Address">
		<property name="addressLine" value="vsdnkvldlskv"></property>
		<property name="city" value="vksjn"></property>
		<property name="doorNo" value="123"></property>
	</bean>

</beans>
